{"_wandb":{"runtime":52},"_runtime":52.417115166,"_step":2340,"loss":0.5192091464996338,"rank accuracy":0.90625,"suit accuracy":0.9375,"epoch":9,"_timestamp":1.768480092344502e+09}
