{"suit accuracy":0.84375,"_wandb":{"runtime":46},"_runtime":46.956194583,"epoch":9,"_timestamp":1.768480215825129e+09,"_step":1160,"loss":1.4019584655761719,"rank accuracy":0.671875}
